{"Burundi": [-3.426449, 29.9324519], "Comoros": [-12.2045176, 44.2832964], "Djibouti": [11.8145966, 42.8453061], "Eritrea": [15.9500319, 37.9999668], "Ethiopia": [6.7678, 35.6343712], "Kenya": [1.4419683, 38.4313975], "Madagascar": [-18.9249604, 46.4416422], "Malawi": [-13.2687204, 33.9301963], "Mauritius": [-20.2759451, 57.5703566], "Mayotte": [-12.823048, 45.1520755], "Mozambique": [-19.302233, 34.9144977], "R\u00e9union": [-21.1309332, 55.5265771], "Rwanda": [-1.9646631, 30.0644358], "Seychelles": [-4.6574977, 55.4540146], "Somalia": [8.3676771, 49.083416], "South Sudan": [7.8699431, 29.6667897], "Uganda": [1.5333554, 32.2166578], "United Republic of Tanzania": [-6.5247123, 35.7878438], "Zambia": [-14.5189121, 27.5589884], "Zimbabwe": [-18.4554963, 29.7468414], "Angola": [-11.8775768, 17.5691241], "Cameroon": [4.6125522, 13.1535811], "Central African Republic": [7.0323598, 19.9981227], "Chad": [15.6134137, 19.0156172], "Congo": [-2.9814344, 23.8222636], "Democratic Republic of the Congo": [-2.9814344, 23.8222636], "Equatorial Guinea": [1.613172, 10.5170357], "Gabon": [-0.8999695, 11.6899699], "Sao Tome and Principe": [0.9713095, 7.02255], "Algeria": [28.0000272, 2.9999825], "Egypt": [26.2540493, 29.2675469], "Libya": [26.8234472, 18.1236723], "Morocco": [28.3347722, -10.371337908392647], "Sudan": [10.9, 6.5], "Tunisia": [36.8002068, 10.1857757], "Western Sahara": [24.1797324, -13.7667848], "Botswana": [-23.1681782, 24.5928742], "Eswatini": [-26.5624806, 31.3991317], "Lesotho": [-29.6039267, 28.3350193], "Namibia": [-23.2335499, 17.3231107], "South Africa": [-28.8166236, 24.991639], "Benin": [9.5293472, 2.2584408], "Burkina Faso": [12.0753083, -1.6880314], "Cabo Verde": [16.0000552, -24.0083947], "C\u00f4te d'Ivoire": [7.9897371, -5.5679458], "Gambia": [13.470062, -15.4900464], "Ghana": [8.0300284, -1.0800271], "Guinea": [10.7226226, -10.7083587], "Guinea-Bissau": [11.815215, -15.2351044], "Liberia": [5.7499721, -9.3658524], "Mali": [16.3700359, -2.2900239], "Mauritania": [-25.3669725, -54.3736391], "Niger": [17.7356214, 9.3238432], "Nigeria": [9.6000359, 7.9999721], "Saint Helena": [-15.9686862, -5.7129557], "Senegal": [14.4750607, -14.4529612], "Sierra Leone": [8.6400349, -11.8400269], "Togo": [8.7800265, 1.0199765], "Kazakhstan": [48.1012954, 66.7780818], "Kyrgyzstan": [42.4858224, 74.714583], "Tajikistan": [38.6281733, 70.8156541], "Turkmenistan": [39.3763807, 59.3924609], "Uzbekistan": [41.32373, 63.9528098], "China": [35.000074, 104.999927], "China, Hong Kong SAR": [22.350627, 114.1849161], "Japan": [36.5748441, 139.2394179], "Mongolia": [43.9382593, -79.2235563], "Republic of Korea": [36.638392, 127.6961188], "Afghanistan": [33.7680065, 66.2385139], "Bangladesh": [-0.2864982, 36.0514231], "Bhutan": [27.549511, 90.5119273], "India": [22.3511148, 78.6677428], "Iran (Islamic Republic of)": [32.6475314, 54.5643516], "Maldives": [3.7203503, 73.2244152], "Nepal": [28.1083929, 84.0917139], "Pakistan": [30.3308401, 71.247499], "Sri Lanka": [7.5554942, 80.7137847], "Brunei Darussalam": [4.4137155, 114.5653908], "Cambodia": [3.9767059, -73.1493675], "Indonesia": [-2.4833826, 117.8902853], "Lao People's Democratic Republic": [20.0171109, 103.378253], "Malaysia": [4.5693754, 102.2656823], "Myanmar": [17.1750495, 95.9999652], "Philippines": [12.7503486, 122.7312101], "Singapore": [1.357107, 103.8194992], "Thailand": [13.03876215, 101.70017611907599], "Timor-Leste": [-8.7443169, 126.063482], "Viet Nam": [15.9266657, 107.9650855], "Armenia": [4.536307, -75.6723751], "Azerbaijan": [40.3936294, 47.7872508], "Bahrain": [25.227707549999998, 55.171549227823945], "Cyprus": [34.9174159, 32.889902651331866], "Georgia": [32.3293809, -83.1137366], "Iraq": [33.0955793, 44.1749775], "Israel": [30.8124247, 34.8594762], "Jordan": [44.6663146, -93.6261918], "Kuwait": [29.3796532, 47.9734174], "Lebanon": [40.375713, -76.4626118], "Oman": [21.0000287, 57.0036901], "Qatar": [25.3336984, 51.2295295], "Saudi Arabia": [25.6242618, 42.3528328], "State of Palestine": [31.762963620549996, 34.9384953773143], "Syrian Arab Republic": [34.6401861, 39.0494106], "T\u00fcrkiye": [38.9597594, 34.9249653], "United Arab Emirates": [24.0002488, 53.9994829], "Yemen": [16.3471243, 47.8915271], "Belarus": [53.4250605, 27.6971358], "Bulgaria": [46.7889169, 23.6184909], "Czechia": [49.7439047, 15.3381061], "Hungary": [41.9767629, -72.7789842], "Poland": [52.215933, 19.134422], "Republic of Moldova": [47.2879608, 28.5670941], "Romania": [45.9852129, 24.6859225], "Russian Federation": [64.6863136, 97.7453061], "Slovakia": [48.7411522, 19.4528646], "Ukraine": [49.4871968, 31.2718321], "Denmark": [55.670249, 10.3333283], "Estonia": [58.7523778, 25.3319078], "Faroe Islands": [62.0448724, -7.0322972], "Finland": [63.2467777, 25.9209164], "Guernsey": [49.4566233, -2.5822348], "Iceland": [64.9841821, -18.1059013], "Ireland": [52.865196, -7.9794599], "Isle of Man": [54.1936805, -4.5591148], "Jersey": [49.2214561, -2.1358386], "Latvia": [56.8406494, 24.7537645], "Lithuania": [55.3500003, 23.7499997], "Norway": [64.5731537, 11.52803643954819], "Sweden": [59.6749712, 14.5208584], "United Kingdom": [54.7023545, -3.2765753], "Albania": [1.2315264, -75.89204331320687], "Andorra": [42.5407167, 1.5732033], "Bosnia and Herzegovina": [44.3053476, 17.5961467], "Croatia": [45.3658443, 15.6575209], "Gibraltar": [36.1285933, -5.3474761], "Greece": [43.2097838, -77.6930602], "Holy See": [30.0341947, -95.8116685], "Italy": [42.6384261, 12.674297], "Malta": [35.8885993, 14.4476911], "Montenegro": [-29.6826112, -51.4687455], "North Macedonia": [41.6171214, 21.7168387], "Portugal": [39.6621648, -8.1353519], "San Marino": [43.9458623, 12.458306], "Serbia": [44.024322850000004, 21.07657433209902], "Slovenia": [46.1199444, 14.8153333], "Spain": [39.3260685, -4.8379791], "Austria": [36.9148511, -4.7534501], "Belgium": [50.6402809, 4.6667145], "France": [46.603354, 1.8883335], "Germany": [40.4203479, -79.1166983], "Liechtenstein": [47.1416307, 9.5531527], "Luxembourg": [49.6112768, 6.129799], "Monaco": [43.7323492, 7.4276832], "Netherlands": [52.2434979, 5.6343227], "Switzerland": [46.7985624, 8.2319736], "Anguilla": [18.1954947, -63.0750234], "Antigua and Barbuda": [17.2234721, -61.9554608], "Aruba": [12.5013629, -69.9618475], "Bahamas": [24.7736546, -78.0000547], "Barbados": [13.1500331, -59.5250305], "British Virgin Islands": [18.4024395, -64.5661642], "Cayman Islands": [19.703182249999998, -79.9174627243246], "Cuba": [23.0131338, -80.8328748], "Cura\u00e7ao": [12.21339425, -69.0408499890865], "Dominica": [15.4113138, -61.3653618], "Dominican Republic": [19.0974031, -70.3028026], "Grenada": [12.1360374, -61.6904045], "Guadeloupe": [16.2528827, -61.5686855], "Haiti": [19.1399952, -72.3570972], "Jamaica": [18.1850507, -77.3947693], "Martinique": [14.6113732, -60.9620777], "Montserrat": [16.7417041, -62.1916844], "Puerto Rico": [18.2247706, -66.4858295], "Saint Barth\u00e9lemy": [17.8967693, -62.825598], "Saint Kitts and Nevis": [17.250512, -62.6725973], "Saint Lucia": [13.8250489, -60.975036], "Saint Martin (French part)": [18.0814066, -63.0467131], "Saint Vincent and the Grenadines": [12.90447, -61.2765569], "Trinidad and Tobago": [10.7466905, -61.0840075], "Turks and Caicos Islands": [21.721746, -71.5527809], "United States Virgin Islands": [17.789187, -64.7080574], "Belize": [16.8259793, -88.7600927], "Costa Rica": [9.536456900000001, -84.17566257468567], "El Salvador": [13.8000382, -88.9140683], "Guatemala": [15.5855545, -90.345759], "Honduras": [15.2572432, -86.0755145], "Mexico": [19.4326296, -99.1331785], "Nicaragua": [12.6090157, -85.2936911], "Panama": [8.559559, -81.1308434], "Argentina": [-34.9964963, -64.9672817], "Bolivia (Plurinational State of)": [-17.0568696, -64.9912286], "Brazil": [-10.3333333, -53.2], "Chile": [-31.7613365, -71.3187697], "Colombia": [4.099917, -72.9088133], "Ecuador": [-1.3397668, -79.3666965], "Falkland Islands (Malvinas)": [-51.9492937, -59.5383657],